,userCode,userFileName,experimentName,sourceurl,response1,item,trialnumber,view,frame,sound1,deviceName,localTime
0,BGF3,3,ChildrensPhonSem,http%253A%252F%252Flocalhost%253A8888%252FphonSemExperigen%252Fweb%252F%253Fcondition%253D1,pharon,undefined,2,undefined,undefined,1,EIV,Mon+Sep+19+2016+17%3A15%3A40+GMT-0400+(EDT)

1,YNT4,4,ChildrensPhonSem,http%253A%252F%252Flocalhost%253A8888%252FphonSemExperigen%252Fweb%252F%253Fcondition%253D1,pharon,undefined,2,undefined,undefined,1,EIV,Mon+Sep+19+2016+17%3A17%3A02+GMT-0400+(EDT)

2,XRZ5,5,ChildrensPhonSem,http%253A%252F%252Flocalhost%253A8888%252FphonSemExperigen%252Fweb%252F%253Fcondition%253D1,pharon,undefined,2,undefined,undefined,1,EIV,Mon+Sep+19+2016+17%3A17%3A19+GMT-0400+(EDT)

3,TGS6,6,ChildrensPhonSem,http%253A%252F%252Flocalhost%253A8888%252FphonSemExperigen%252Fweb%252F%253Fcondition%253D1,pharon,undefined,2,undefined,undefined,1,EIV,Mon+Sep+19+2016+17%3A21%3A22+GMT-0400+(EDT)

4,TGS6,6,ChildrensPhonSem,http%253A%252F%252Flocalhost%253A8888%252FphonSemExperigen%252Fweb%252F%253Fcondition%253D1,Continue,pen,4,stimulus.ejs,undefined,EIV,Mon+Sep+19+2016+17%3A21%3A29+GMT-0400+(EDT)

5,OUG7,7,ChildrensPhonSem,http%253A%252F%252Flocalhost%253A8888%252FphonSemExperigen%252Fweb%252F%253Fcondition%253D1,pharon,undefined,2,undefined,undefined,1,EIV,Mon+Sep+19+2016+17%3A22%3A25+GMT-0400+(EDT)

6,OUG7,7,ChildrensPhonSem,http%253A%252F%252Flocalhost%253A8888%252FphonSemExperigen%252Fweb%252F%253Fcondition%253D1,Continue,pen,4,stimulus.ejs,undefined,EIV,Mon+Sep+19+2016+17%3A22%3A27+GMT-0400+(EDT)

7,OUG7,7,ChildrensPhonSem,http%253A%252F%252Flocalhost%253A8888%252FphonSemExperigen%252Fweb%252F%253Fcondition%253D1,Continue,tesuf,5,stimulusTest.ejs,56,EIV,Mon+Sep+19+2016+17%3A22%3A32+GMT-0400+(EDT)

8,OUG7,7,ChildrensPhonSem,http%253A%252F%252Flocalhost%253A8888%252FphonSemExperigen%252Fweb%252F%253Fcondition%253D1,Continue,zitav,6,stimulusTest.ejs,61,EIV,Mon+Sep+19+2016+17%3A22%3A36+GMT-0400+(EDT)

9,OUG7,7,ChildrensPhonSem,http%253A%252F%252Flocalhost%253A8888%252FphonSemExperigen%252Fweb%252F%253Fcondition%253D1,Continue,kusud,7,stimulusTest.ejs,55,EIV,Mon+Sep+19+2016+17%3A22%3A40+GMT-0400+(EDT)

10,OUG7,7,ChildrensPhonSem,http%253A%252F%252Flocalhost%253A8888%252FphonSemExperigen%252Fweb%252F%253Fcondition%253D1,Continue,sab,8,stimulusTest2.ejs,7,EIV,Mon+Sep+19+2016+17%3A27%3A55+GMT-0400+(EDT)

11,OUG7,7,ChildrensPhonSem,http%253A%252F%252Flocalhost%253A8888%252FphonSemExperigen%252Fweb%252F%253Fcondition%253D1,Continue,shap,9,stimulusTest2.ejs,18,EIV,Mon+Sep+19+2016+17%3A28%3A00+GMT-0400+(EDT)

12,OUG7,7,ChildrensPhonSem,http%253A%252F%252Flocalhost%253A8888%252FphonSemExperigen%252Fweb%252F%253Fcondition%253D1,Continue,tikoz,10,stimulusTest.ejs,42,EIV,Mon+Sep+19+2016+17%3A28%3A08+GMT-0400+(EDT)

13,JAQ8,8,ChildrensPhonSem,http%253A%252F%252Flocalhost%253A8888%252FphonSemExperigen%252Fweb%252F%253Fcondition%253D1,pharon,undefined,2,undefined,undefined,1,EIV,Mon+Sep+19+2016+17%3A29%3A34+GMT-0400+(EDT)

14,XXT9,9,ChildrensPhonSem,http%253A%252F%252Flocalhost%253A8888%252FphonSemExperigen%252Fweb%252F%253Fcondition%253D1,pharon,undefined,2,undefined,undefined,1,EIV,Mon+Sep+19+2016+17%3A30%3A21+GMT-0400+(EDT)

15,XXT9,9,ChildrensPhonSem,http%253A%252F%252Flocalhost%253A8888%252FphonSemExperigen%252Fweb%252F%253Fcondition%253D1,Continue,pen,4,stimulus.ejs,undefined,EIV,Mon+Sep+19+2016+17%3A30%3A24+GMT-0400+(EDT)

16,XXT9,9,ChildrensPhonSem,http%253A%252F%252Flocalhost%253A8888%252FphonSemExperigen%252Fweb%252F%253Fcondition%253D1,Continue,kiv,5,stimulusTest2.ejs,30,EIV,Mon+Sep+19+2016+17%3A30%3A31+GMT-0400+(EDT)

17,WTW10,10,ChildrensPhonSem,http%253A%252F%252Flocalhost%253A8888%252FphonSemExperigen%252Fweb%252F%253Fcondition%253D1,pharon,undefined,2,undefined,undefined,1,EIV,Mon+Sep+19+2016+17%3A34%3A55+GMT-0400+(EDT)

18,WTW10,10,ChildrensPhonSem,http%253A%252F%252Flocalhost%253A8888%252FphonSemExperigen%252Fweb%252F%253Fcondition%253D1,Continue,pen,4,stimulus.ejs,undefined,EIV,Mon+Sep+19+2016+17%3A34%3A58+GMT-0400+(EDT)

19,MZR11,11,ChildrensPhonSem,http%253A%252F%252Flocalhost%253A8888%252FphonSemExperigen%252Fweb%252F%253Fcondition%253D1,pharon,undefined,2,undefined,undefined,1,EIV,Mon+Sep+19+2016+17%3A35%3A07+GMT-0400+(EDT)

20,MZR11,11,ChildrensPhonSem,http%253A%252F%252Flocalhost%253A8888%252FphonSemExperigen%252Fweb%252F%253Fcondition%253D1,Continue,pen,4,stimulus.ejs,undefined,EIV,Mon+Sep+19+2016+17%3A35%3A10+GMT-0400+(EDT)

21,MZR11,11,ChildrensPhonSem,http%253A%252F%252Flocalhost%253A8888%252FphonSemExperigen%252Fweb%252F%253Fcondition%253D1,Continue,zek,5,stimulusTest2.ejs,28,EIV,Mon+Sep+19+2016+17%3A35%3A16+GMT-0400+(EDT)

22,MZR11,11,ChildrensPhonSem,http%253A%252F%252Flocalhost%253A8888%252FphonSemExperigen%252Fweb%252F%253Fcondition%253D1,Continue,kos,6,stimulusTest2.ejs,25,EIV,Mon+Sep+19+2016+17%3A35%3A22+GMT-0400+(EDT)

23,MZR11,11,ChildrensPhonSem,http%253A%252F%252Flocalhost%253A8888%252FphonSemExperigen%252Fweb%252F%253Fcondition%253D1,Continue,piz,7,stimulusTest2.ejs,26,EIV,Mon+Sep+19+2016+17%3A35%3A29+GMT-0400+(EDT)

24,MZR11,11,ChildrensPhonSem,http%253A%252F%252Flocalhost%253A8888%252FphonSemExperigen%252Fweb%252F%253Fcondition%253D1,Continue,pip,8,stimulusTest2.ejs,9,EIV,Mon+Sep+19+2016+17%3A35%3A34+GMT-0400+(EDT)

25,MZR11,11,ChildrensPhonSem,http%253A%252F%252Flocalhost%253A8888%252FphonSemExperigen%252Fweb%252F%253Fcondition%253D1,Continue,vebut,9,stimulusTest.ejs,38,EIV,Mon+Sep+19+2016+17%3A35%3A39+GMT-0400+(EDT)

26,MZR11,11,ChildrensPhonSem,http%253A%252F%252Flocalhost%253A8888%252FphonSemExperigen%252Fweb%252F%253Fcondition%253D1,Continue,pisok,10,stimulusTest.ejs,57,EIV,Mon+Sep+19+2016+17%3A35%3A44+GMT-0400+(EDT)

27,MZR11,11,ChildrensPhonSem,http%253A%252F%252Flocalhost%253A8888%252FphonSemExperigen%252Fweb%252F%253Fcondition%253D1,Continue,kufis,11,stimulusTest.ejs,47,EIV,Mon+Sep+19+2016+17%3A35%3A48+GMT-0400+(EDT)

28,MZR11,11,ChildrensPhonSem,http%253A%252F%252Flocalhost%253A8888%252FphonSemExperigen%252Fweb%252F%253Fcondition%253D1,Continue,kosh,12,stimulusTest2.ejs,19,EIV,Mon+Sep+19+2016+17%3A35%3A55+GMT-0400+(EDT)

29,MZR11,11,ChildrensPhonSem,http%253A%252F%252Flocalhost%253A8888%252FphonSemExperigen%252Fweb%252F%253Fcondition%253D1,Continue,fikash,13,stimulusTest.ejs,56,EIV,Mon+Sep+19+2016+17%3A36%3A06+GMT-0400+(EDT)

30,MZR11,11,ChildrensPhonSem,http%253A%252F%252Flocalhost%253A8888%252FphonSemExperigen%252Fweb%252F%253Fcondition%253D1,Continue,bok,14,stimulusTest2.ejs,4,EIV,Mon+Sep+19+2016+17%3A36%3A10+GMT-0400+(EDT)

31,MZR11,11,ChildrensPhonSem,http%253A%252F%252Flocalhost%253A8888%252FphonSemExperigen%252Fweb%252F%253Fcondition%253D1,Continue,bakas,15,stimulusTest.ejs,62,EIV,Mon+Sep+19+2016+17%3A36%3A17+GMT-0400+(EDT)

32,MZR11,11,ChildrensPhonSem,http%253A%252F%252Flocalhost%253A8888%252FphonSemExperigen%252Fweb%252F%253Fcondition%253D1,Continue,tikoz,16,stimulusTest.ejs,40,EIV,Mon+Sep+19+2016+17%3A36%3A22+GMT-0400+(EDT)

33,MZR11,11,ChildrensPhonSem,http%253A%252F%252Flocalhost%253A8888%252FphonSemExperigen%252Fweb%252F%253Fcondition%253D1,Continue,kak,17,stimulusTest2.ejs,2,EIV,Mon+Sep+19+2016+17%3A36%3A30+GMT-0400+(EDT)

34,MZR11,11,ChildrensPhonSem,http%253A%252F%252Flocalhost%253A8888%252FphonSemExperigen%252Fweb%252F%253Fcondition%253D1,bakas,shatoz,18,threeTrialsAgoTest.ejs,undefined,EIV,Mon+Sep+19+2016+17%3A36%3A34+GMT-0400+(EDT)

35,GUS12,12,ChildrensPhonSem,http%253A%252F%252Flocalhost%253A8888%252FphonSemExperigen%252Fweb%252F%253Fcondition%253D1,pharon,undefined,2,undefined,undefined,1,EIV,Mon+Sep+19+2016+17%3A37%3A55+GMT-0400+(EDT)

36,GUS12,12,ChildrensPhonSem,http%253A%252F%252Flocalhost%253A8888%252FphonSemExperigen%252Fweb%252F%253Fcondition%253D1,Continue,pen,4,stimulus.ejs,undefined,EIV,Mon+Sep+19+2016+17%3A37%3A58+GMT-0400+(EDT)

37,GUS12,12,ChildrensPhonSem,http%253A%252F%252Flocalhost%253A8888%252FphonSemExperigen%252Fweb%252F%253Fcondition%253D1,Continue,shes,5,stimulusTest2.ejs,28,EIV,Mon+Sep+19+2016+17%3A38%3A02+GMT-0400+(EDT)

38,WSE18,18,ChildrensPhonSem,http%253A%252F%252Flocalhost%253A8888%252FphonSemExperigen%252Fweb%252F%253Fcondition%253D4,pharon,undefined,2,undefined,undefined,1,EIV,Mon+Sep+19+2016+17%3A39%3A50+GMT-0400+(EDT)

39,WSE18,18,ChildrensPhonSem,http%253A%252F%252Flocalhost%253A8888%252FphonSemExperigen%252Fweb%252F%253Fcondition%253D4,Continue,pen,4,stimulus.ejs,undefined,EIV,Mon+Sep+19+2016+17%3A39%3A53+GMT-0400+(EDT)

40,ZJJ19,19,ChildrensPhonSem,http%253A%252F%252Flocalhost%253A8888%252FphonSemExperigen%252Fweb%252F%253Fcondition%253D2,pharon,undefined,2,undefined,undefined,1,EIV,Thu+Sep+29+2016+01%3A34%3A27+GMT-0400+(EDT)

41,ZJJ19,19,ChildrensPhonSem,http%253A%252F%252Flocalhost%253A8888%252FphonSemExperigen%252Fweb%252F%253Fcondition%253D2,Continue,pen,4,stimulus.ejs,undefined,EIV,Thu+Sep+29+2016+01%3A34%3A30+GMT-0400+(EDT)

42,ZJJ19,19,ChildrensPhonSem,http%253A%252F%252Flocalhost%253A8888%252FphonSemExperigen%252Fweb%252F%253Fcondition%253D2,Continue,fosip,5,stimulusTest.ejs,52,EIV,Thu+Sep+29+2016+01%3A34%3A35+GMT-0400+(EDT)

43,ZJJ19,19,ChildrensPhonSem,http%253A%252F%252Flocalhost%253A8888%252FphonSemExperigen%252Fweb%252F%253Fcondition%253D2,Continue,kiv,6,stimulusTest2.ejs,3,EIV,Thu+Sep+29+2016+01%3A34%3A39+GMT-0400+(EDT)

44,RJA20,20,ChildrensPhonSem,http%253A%252F%252Flocalhost%253A8888%252FphonSemExperigen%252Fweb%252Findex1.html,pharon,undefined,2,undefined,undefined,1,EIV,Thu+Sep+29+2016+01%3A58%3A57+GMT-0400+(EDT)

45,RJA20,20,ChildrensPhonSem,http%253A%252F%252Flocalhost%253A8888%252FphonSemExperigen%252Fweb%252Findex1.html,Continue,pen,4,stimulus.ejs,undefined,EIV,Thu+Sep+29+2016+01%3A58%3A59+GMT-0400+(EDT)

46,RJA20,20,ChildrensPhonSem,http%253A%252F%252Flocalhost%253A8888%252FphonSemExperigen%252Fweb%252Findex1.html,Continue,shufik,5,stimulusTest2.ejs,51,EIV,Thu+Sep+29+2016+01%3A59%3A05+GMT-0400+(EDT)

47,VUF23,23,ChildrensPhonSem,http%253A%252F%252Flocalhost%253A8888%252FphonSemExperigen%252Fweb%252Findex1.html,pharon,undefined,2,undefined,undefined,1,EIV,Thu+Sep+29+2016+09%3A16%3A02+GMT-0400+(EDT)

48,VUF23,23,ChildrensPhonSem,http%253A%252F%252Flocalhost%253A8888%252FphonSemExperigen%252Fweb%252Findex1.html,Continue,pen,4,stimulus.ejs,undefined,EIV,Thu+Sep+29+2016+09%3A16%3A04+GMT-0400+(EDT)

49,NBC25,25,ChildrensPhonSem,http%253A%252F%252Flocalhost%253A8888%252FphonSemExperigen%252Fweb%252Findex1.html,Continue,pen,1,stimulus.ejs,undefined,EIV,Thu+Sep+29+2016+12%3A43%3A38+GMT-0400+(EDT)

50,NBC25,25,ChildrensPhonSem,http%253A%252F%252Flocalhost%253A8888%252FphonSemExperigen%252Fweb%252Findex1.html,Continue,shik,2,stimulusTest2.ejs,33,EIV,Thu+Sep+29+2016+12%3A43%3A46+GMT-0400+(EDT)

51,NBC25,25,ChildrensPhonSem,http%253A%252F%252Flocalhost%253A8888%252FphonSemExperigen%252Fweb%252Findex1.html,Continue,kifak,3,stimulusTest.ejs,3,EIV,Thu+Sep+29+2016+12%3A43%3A59+GMT-0400+(EDT)

52,NWZ26,26,ChildrensPhonSem,http%253A%252F%252Flocalhost%253A8888%252FphonSemExperigen%252Fweb%252Findex1.html,demographics.csv,USA,none,none,dlfkj,dlfkj,none,dsflkj,EIV,Thu+Sep+29+2016+12%3A56%3A02+GMT-0400+(EDT)

53,IZT27,27,ChildrensPhonSem,http%253A%252F%252Flocalhost%253A8888%252FphonSemExperigen%252Fweb%252Findex1.html,demographics.csv,none,none,none,,,none,,EIV,Thu+Sep+29+2016+13%3A20%3A06+GMT-0400+(EDT)

54,JKC28,28,ChildrensPhonSem,http%253A%252F%252Flocalhost%253A8888%252FphonSemExperigen%252Fweb%252Findex1.html,demographics.csv,none,none,none,,,none,,EIV,Thu+Sep+29+2016+13%3A25%3A49+GMT-0400+(EDT)

55,MKY29,29,ChildrensPhonSem,http%253A%252F%252Flocalhost%253A8888%252FphonSemExperigen%252Fweb%252Findex1.html,demographics.csv,none,none,none,,,none,,EIV,Thu+Sep+29+2016+13%3A26%3A24+GMT-0400+(EDT)

56,REB30,30,ChildrensPhonSem,http%253A%252F%252Flocalhost%253A8888%252FphonSemExperigen%252Fweb%252Findex1.html,demographics.csv,none,none,none,,,none,,EIV,Thu+Sep+29+2016+13%3A27%3A03+GMT-0400+(EDT)

57,SYK31,31,ChildrensPhonSem,http%253A%252F%252Flocalhost%253A8888%252FphonSemExperigen%252Fweb%252Findex1.html,demographics.csv,none,none,none,,,none,,EIV,Thu+Sep+29+2016+13%3A36%3A37+GMT-0400+(EDT)

58,CPZ32,32,ChildrensPhonSem,http%253A%252F%252Flocalhost%253A8888%252FphonSemExperigen%252Fweb%252Findex1.html,demographics.csv,none,none,none,,,none,,EIV,Thu+Sep+29+2016+13%3A44%3A30+GMT-0400+(EDT)

59,OVV33,33,ChildrensPhonSem,http%253A%252F%252Flocalhost%253A8888%252FphonSemExperigen%252Fweb%252Findex1.html,demographics.csv,none,none,none,,,none,,EIV,Thu+Sep+29+2016+13%3A46%3A38+GMT-0400+(EDT)

60,JLG65,65,ChildrensPhonSem,http%253A%252F%252Flocalhost%253A8888%252FphonSemExperigen%252Fweb%252Findex1.html,Continue,das,1,79,stimulus.ejs,EIV,Sun+Oct+02+2016+15%3A30%3A51+GMT-0600+(MDT)

61,JLG65,65,ChildrensPhonSem,http%253A%252F%252Flocalhost%253A8888%252FphonSemExperigen%252Fweb%252Findex1.html,Continue,keb,2,110,stimulus.ejs,EIV,Sun+Oct+02+2016+15%3A30%3A54+GMT-0600+(MDT)

62,JLG65,65,ChildrensPhonSem,http%253A%252F%252Flocalhost%253A8888%252FphonSemExperigen%252Fweb%252Findex1.html,Continue,tusud,3,99,stimulus.ejs,EIV,Sun+Oct+02+2016+15%3A30%3A57+GMT-0600+(MDT)

63,IME66,66,ChildrensPhonSem,http%253A%252F%252Flocalhost%253A8888%252FphonSemExperigen%252Fweb%252Findex1.html,Continue,shufik,1,118,stimulus.ejs,EIV,Sun+Oct+02+2016+15%3A31%3A20+GMT-0600+(MDT)

64,IME66,66,ChildrensPhonSem,http%253A%252F%252Flocalhost%253A8888%252FphonSemExperigen%252Fweb%252Findex1.html,Continue,zek,2,21,stimulus.ejs,EIV,Sun+Oct+02+2016+15%3A31%3A22+GMT-0600+(MDT)

65,IME66,66,ChildrensPhonSem,http%253A%252F%252Flocalhost%253A8888%252FphonSemExperigen%252Fweb%252Findex1.html,Continue,fut,3,121,stimulus.ejs,EIV,Sun+Oct+02+2016+15%3A31%3A25+GMT-0600+(MDT)

66,IME66,66,ChildrensPhonSem,http%253A%252F%252Flocalhost%253A8888%252FphonSemExperigen%252Fweb%252Findex1.html,Continue,bakas,4,2,stimulusTest.ejs,EIV,Sun+Oct+02+2016+15%3A31%3A30+GMT-0600+(MDT)

67,AAA73,73,ChildrensPhonSem,http%253A%252F%252Flocalhost%253A8888%252FphonSemExperigen%252Fweb%252Findex1.html,Continue,zebuz,1,55,stimulus.ejs,EIV,Sun+Oct+02+2016+15%3A35%3A53+GMT-0600+(MDT)

68,AAA73,73,ChildrensPhonSem,http%253A%252F%252Flocalhost%253A8888%252FphonSemExperigen%252Fweb%252Findex1.html,Continue,shobit,2,30,stimulus.ejs,EIV,Sun+Oct+02+2016+15%3A35%3A57+GMT-0600+(MDT)

69,AAA73,73,ChildrensPhonSem,http%253A%252F%252Flocalhost%253A8888%252FphonSemExperigen%252Fweb%252Findex1.html,Continue,fut,3,40,stimulus.ejs,EIV,Sun+Oct+02+2016+15%3A36%3A03+GMT-0600+(MDT)

70,AAA73,73,ChildrensPhonSem,http%253A%252F%252Flocalhost%253A8888%252FphonSemExperigen%252Fweb%252Findex1.html,Continue,tikub,4,25,stimulusTest2.ejs,EIV,Sun+Oct+02+2016+15%3A36%3A09+GMT-0600+(MDT)

71,YQI74,74,ChildrensPhonSem,http%253A%252F%252Flocalhost%253A8888%252FphonSemExperigen%252Fweb%252Findex1.html,Continue,zoshib,1,79,stimulus.ejs,EIV,Sun+Oct+02+2016+15%3A40%3A23+GMT-0600+(MDT)

72,YQI74,74,ChildrensPhonSem,http%253A%252F%252Flocalhost%253A8888%252FphonSemExperigen%252Fweb%252Findex1.html,Continue,pekiv,2,16,stimulus.ejs,EIV,Sun+Oct+02+2016+15%3A40%3A29+GMT-0600+(MDT)

73,YQI74,74,ChildrensPhonSem,http%253A%252F%252Flocalhost%253A8888%252FphonSemExperigen%252Fweb%252Findex1.html,Continue,das,3,34,stimulus.ejs,EIV,Sun+Oct+02+2016+15%3A40%3A31+GMT-0600+(MDT)

74,REW75,75,ChildrensPhonSem,http%253A%252F%252Flocalhost%253A8888%252FphonSemExperigen%252Fweb%252Findex1.html,Continue,fut,1,103,stimulus.ejs,EIV,Sun+Oct+02+2016+15%3A40%3A47+GMT-0600+(MDT)

75,REW75,75,ChildrensPhonSem,http%253A%252F%252Flocalhost%253A8888%252FphonSemExperigen%252Fweb%252Findex1.html,Continue,dapus,2,21,stimulus.ejs,EIV,Sun+Oct+02+2016+15%3A40%3A48+GMT-0600+(MDT)

76,REW75,75,ChildrensPhonSem,http%253A%252F%252Flocalhost%253A8888%252FphonSemExperigen%252Fweb%252Findex1.html,Continue,tob,3,94,stimulus.ejs,EIV,Sun+Oct+02+2016+15%3A40%3A48+GMT-0600+(MDT)

77,TYX77,77,ChildrensPhonSem,http%253A%252F%252Flocalhost%253A8888%252FphonSemExperigen%252Fweb%252Findex1.html,Continue,bakas,1,1,stimulus.ejs,EIV,Sun+Oct+02+2016+15%3A42%3A08+GMT-0600+(MDT)

78,TYX77,77,ChildrensPhonSem,http%253A%252F%252Flocalhost%253A8888%252FphonSemExperigen%252Fweb%252Findex1.html,Continue,disab,2,59,stimulus.ejs,EIV,Sun+Oct+02+2016+15%3A42%3A09+GMT-0600+(MDT)

79,TYX77,77,ChildrensPhonSem,http%253A%252F%252Flocalhost%253A8888%252FphonSemExperigen%252Fweb%252Findex1.html,Continue,kusud,3,95,stimulus.ejs,EIV,Sun+Oct+02+2016+15%3A42%3A10+GMT-0600+(MDT)

80,TYX77,77,ChildrensPhonSem,http%253A%252F%252Flocalhost%253A8888%252FphonSemExperigen%252Fweb%252Findex1.html,Continue,vok,4,53,stimulusTest.ejs,EIV,Sun+Oct+02+2016+15%3A42%3A16+GMT-0600+(MDT)

81,TYX77,77,ChildrensPhonSem,http%253A%252F%252Flocalhost%253A8888%252FphonSemExperigen%252Fweb%252Findex1.html,Continue,gov,5,58,stimulusTest.ejs,EIV,Sun+Oct+02+2016+15%3A42%3A30+GMT-0600+(MDT)

82,TYX77,77,ChildrensPhonSem,http%253A%252F%252Flocalhost%253A8888%252FphonSemExperigen%252Fweb%252Findex1.html,Continue,sod,6,50,stimulusTest.ejs,EIV,Sun+Oct+02+2016+15%3A42%3A35+GMT-0600+(MDT)

83,FUS78,78,ChildrensPhonSem,http%253A%252F%252Flocalhost%253A8888%252FphonSemExperigen%252Fweb%252Findex1.html,Continue,vesh,1,34,stimulus.ejs,EIV,Sun+Oct+02+2016+15%3A42%3A56+GMT-0600+(MDT)

84,FUS78,78,ChildrensPhonSem,http%253A%252F%252Flocalhost%253A8888%252FphonSemExperigen%252Fweb%252Findex1.html,Continue,sab,2,67,stimulus.ejs,EIV,Sun+Oct+02+2016+15%3A42%3A57+GMT-0600+(MDT)

85,FUS78,78,ChildrensPhonSem,http%253A%252F%252Flocalhost%253A8888%252FphonSemExperigen%252Fweb%252Findex1.html,Continue,fis,3,52,stimulus.ejs,EIV,Sun+Oct+02+2016+15%3A42%3A58+GMT-0600+(MDT)

86,FUS78,78,ChildrensPhonSem,http%253A%252F%252Flocalhost%253A8888%252FphonSemExperigen%252Fweb%252Findex1.html,Continue,sod,4,63,stimulusTest2.ejs,EIV,Sun+Oct+02+2016+15%3A43%3A02+GMT-0600+(MDT)

87,FUS78,78,ChildrensPhonSem,http%253A%252F%252Flocalhost%253A8888%252FphonSemExperigen%252Fweb%252Findex1.html,Continue,fid,5,34,stimulusTest2.ejs,EIV,Sun+Oct+02+2016+15%3A43%3A07+GMT-0600+(MDT)

88,FUS78,78,ChildrensPhonSem,http%253A%252F%252Flocalhost%253A8888%252FphonSemExperigen%252Fweb%252Findex1.html,Continue,pof,6,59,stimulusTest2.ejs,EIV,Sun+Oct+02+2016+15%3A43%3A12+GMT-0600+(MDT)

89,FUS78,78,ChildrensPhonSem,http%253A%252F%252Flocalhost%253A8888%252FphonSemExperigen%252Fweb%252Findex1.html,Continue,fis,7,62,stimulusTest2.ejs,EIV,Sun+Oct+02+2016+15%3A43%3A17+GMT-0600+(MDT)

90,FUS78,78,ChildrensPhonSem,http%253A%252F%252Flocalhost%253A8888%252FphonSemExperigen%252Fweb%252Findex1.html,Continue,kufis,8,18,stimulusTest.ejs,EIV,Sun+Oct+02+2016+15%3A43%3A22+GMT-0600+(MDT)

91,THS79,79,ChildrensPhonSem,http%253A%252F%252Flocalhost%253A8888%252FphonSemExperigen%252Fweb%252Findex1.html,Continue,soshuk,1,5,stimulus.ejs,EIV,Sun+Oct+02+2016+15%3A45%3A31+GMT-0600+(MDT)

92,THS79,79,ChildrensPhonSem,http%253A%252F%252Flocalhost%253A8888%252FphonSemExperigen%252Fweb%252Findex1.html,Continue,fekob,2,105,stimulus.ejs,EIV,Sun+Oct+02+2016+15%3A45%3A32+GMT-0600+(MDT)

93,THS79,79,ChildrensPhonSem,http%253A%252F%252Flocalhost%253A8888%252FphonSemExperigen%252Fweb%252Findex1.html,Continue,bosov,3,11,stimulus.ejs,EIV,Sun+Oct+02+2016+15%3A45%3A33+GMT-0600+(MDT)

94,THS79,79,ChildrensPhonSem,http%253A%252F%252Flocalhost%253A8888%252FphonSemExperigen%252Fweb%252Findex1.html,Continue,sod,4,42,stimulusTest2.ejs,EIV,Sun+Oct+02+2016+15%3A45%3A38+GMT-0600+(MDT)

95,THS79,79,ChildrensPhonSem,http%253A%252F%252Flocalhost%253A8888%252FphonSemExperigen%252Fweb%252Findex1.html,Continue,shik,5,36,stimulusTest2.ejs,EIV,Sun+Oct+02+2016+15%3A45%3A42+GMT-0600+(MDT)

96,THS79,79,ChildrensPhonSem,http%253A%252F%252Flocalhost%253A8888%252FphonSemExperigen%252Fweb%252Findex1.html,Continue,tut,6,53,stimulusTest2.ejs,EIV,Sun+Oct+02+2016+15%3A45%3A46+GMT-0600+(MDT)

97,THS79,79,ChildrensPhonSem,http%253A%252F%252Flocalhost%253A8888%252FphonSemExperigen%252Fweb%252Findex1.html,Continue,kosh,7,54,stimulusTest2.ejs,EIV,Sun+Oct+02+2016+15%3A45%3A51+GMT-0600+(MDT)

98,THS79,79,ChildrensPhonSem,http%253A%252F%252Flocalhost%253A8888%252FphonSemExperigen%252Fweb%252Findex1.html,Continue,das,8,58,stimulusTest2.ejs,EIV,Sun+Oct+02+2016+15%3A45%3A55+GMT-0600+(MDT)

99,THS79,79,ChildrensPhonSem,http%253A%252F%252Flocalhost%253A8888%252FphonSemExperigen%252Fweb%252Findex1.html,Continue,fekob,9,27,stimulusTest.ejs,EIV,Sun+Oct+02+2016+15%3A45%3A58+GMT-0600+(MDT)

100,ZTS80,80,ChildrensPhonSem,http%253A%252F%252Flocalhost%253A8888%252FphonSemExperigen%252Fweb%252Findex1.html,Continue,zek,1,8,stimulus.ejs,EIV,Sun+Oct+02+2016+15%3A46%3A20+GMT-0600+(MDT)

101,ZTS80,80,ChildrensPhonSem,http%253A%252F%252Flocalhost%253A8888%252FphonSemExperigen%252Fweb%252Findex1.html,Continue,shobit,2,46,stimulus.ejs,EIV,Sun+Oct+02+2016+15%3A46%3A21+GMT-0600+(MDT)

102,ZTS80,80,ChildrensPhonSem,http%253A%252F%252Flocalhost%253A8888%252FphonSemExperigen%252Fweb%252Findex1.html,Continue,shik,3,100,stimulus.ejs,EIV,Sun+Oct+02+2016+15%3A46%3A22+GMT-0600+(MDT)

103,ZTS80,80,ChildrensPhonSem,http%253A%252F%252Flocalhost%253A8888%252FphonSemExperigen%252Fweb%252Findex1.html,Continue,zebuz,4,16,stimulusTest.ejs,EIV,Sun+Oct+02+2016+15%3A46%3A23+GMT-0600+(MDT)

104,ZTS80,80,ChildrensPhonSem,http%253A%252F%252Flocalhost%253A8888%252FphonSemExperigen%252Fweb%252Findex1.html,Continue,shekef,5,5,stimulusTest.ejs,EIV,Sun+Oct+02+2016+15%3A46%3A24+GMT-0600+(MDT)

105,ZTS80,80,ChildrensPhonSem,http%253A%252F%252Flocalhost%253A8888%252FphonSemExperigen%252Fweb%252Findex1.html,Continue,shatoz,6,32,stimulusTest.ejs,EIV,Sun+Oct+02+2016+15%3A46%3A25+GMT-0600+(MDT)

106,ZTS80,80,ChildrensPhonSem,http%253A%252F%252Flocalhost%253A8888%252FphonSemExperigen%252Fweb%252Findex1.html,Continue,gov,7,64,stimulusTest2.ejs,EIV,Sun+Oct+02+2016+15%3A46%3A25+GMT-0600+(MDT)

107,ZTS80,80,ChildrensPhonSem,http%253A%252F%252Flocalhost%253A8888%252FphonSemExperigen%252Fweb%252Findex1.html,Continue,shik,8,51,stimulusTest2.ejs,EIV,Sun+Oct+02+2016+15%3A46%3A26+GMT-0600+(MDT)

108,GSP81,81,ChildrensPhonSem,http%253A%252F%252Flocalhost%253A8888%252FphonSemExperigen%252Fweb%252Findex1.html,Continue,pisok,1,26,stimulus.ejs,EIV,Sun+Oct+02+2016+15%3A46%3A40+GMT-0600+(MDT)

109,GSP81,81,ChildrensPhonSem,http%253A%252F%252Flocalhost%253A8888%252FphonSemExperigen%252Fweb%252Findex1.html,Continue,shobit,2,64,stimulus.ejs,EIV,Sun+Oct+02+2016+15%3A46%3A41+GMT-0600+(MDT)

110,GSP81,81,ChildrensPhonSem,http%253A%252F%252Flocalhost%253A8888%252FphonSemExperigen%252Fweb%252Findex1.html,Continue,shes,3,10,stimulus.ejs,EIV,Sun+Oct+02+2016+15%3A46%3A42+GMT-0600+(MDT)

111,GSP81,81,ChildrensPhonSem,http%253A%252F%252Flocalhost%253A8888%252FphonSemExperigen%252Fweb%252Findex1.html,Continue,dezit,4,33,stimulusTest2.ejs,EIV,Sun+Oct+02+2016+15%3A46%3A43+GMT-0600+(MDT)

112,GSP81,81,ChildrensPhonSem,http%253A%252F%252Flocalhost%253A8888%252FphonSemExperigen%252Fweb%252Findex1.html,Continue,sab,5,23,stimulusTest.ejs,EIV,Sun+Oct+02+2016+15%3A46%3A44+GMT-0600+(MDT)

113,GSP81,81,ChildrensPhonSem,http%253A%252F%252Flocalhost%253A8888%252FphonSemExperigen%252Fweb%252Findex1.html,Continue,kak,6,22,stimulusTest.ejs,EIV,Sun+Oct+02+2016+15%3A46%3A45+GMT-0600+(MDT)

114,GSP81,81,ChildrensPhonSem,http%253A%252F%252Flocalhost%253A8888%252FphonSemExperigen%252Fweb%252Findex1.html,Continue,vub,7,9,stimulusTest.ejs,EIV,Sun+Oct+02+2016+15%3A46%3A45+GMT-0600+(MDT)

115,GSP81,81,ChildrensPhonSem,http%253A%252F%252Flocalhost%253A8888%252FphonSemExperigen%252Fweb%252Findex1.html,Continue,kos,8,13,stimulusTest.ejs,EIV,Sun+Oct+02+2016+15%3A46%3A46+GMT-0600+(MDT)

116,GSP81,81,ChildrensPhonSem,http%253A%252F%252Flocalhost%253A8888%252FphonSemExperigen%252Fweb%252Findex1.html,Continue,shatoz,9,42,stimulusTest2.ejs,EIV,Sun+Oct+02+2016+15%3A46%3A47+GMT-0600+(MDT)

117,GSP81,81,ChildrensPhonSem,http%253A%252F%252Flocalhost%253A8888%252FphonSemExperigen%252Fweb%252Findex1.html,Continue,dapus,10,43,stimulusTest2.ejs,EIV,Sun+Oct+02+2016+15%3A46%3A47+GMT-0600+(MDT)

118,GSP81,81,ChildrensPhonSem,http%253A%252F%252Flocalhost%253A8888%252FphonSemExperigen%252Fweb%252Findex1.html,Continue,zif,11,6,stimulusTest.ejs,EIV,Sun+Oct+02+2016+15%3A46%3A48+GMT-0600+(MDT)

119,GSP81,81,ChildrensPhonSem,http%253A%252F%252Flocalhost%253A8888%252FphonSemExperigen%252Fweb%252Findex1.html,Continue,fudiz,12,35,stimulusTest2.ejs,EIV,Sun+Oct+02+2016+15%3A46%3A50+GMT-0600+(MDT)

120,GSP81,81,ChildrensPhonSem,http%253A%252F%252Flocalhost%253A8888%252FphonSemExperigen%252Fweb%252Findex1.html,Continue,fikash,13,57,stimulusTest2.ejs,EIV,Sun+Oct+02+2016+15%3A46%3A51+GMT-0600+(MDT)

121,GSP81,81,ChildrensPhonSem,http%253A%252F%252Flocalhost%253A8888%252FphonSemExperigen%252Fweb%252Findex1.html,Continue,shet,14,14,stimulusTest.ejs,EIV,Sun+Oct+02+2016+15%3A46%3A52+GMT-0600+(MDT)

122,GSP81,81,ChildrensPhonSem,http%253A%252F%252Flocalhost%253A8888%252FphonSemExperigen%252Fweb%252Findex1.html,Continue,vesh,15,25,stimulusTest.ejs,EIV,Sun+Oct+02+2016+15%3A46%3A53+GMT-0600+(MDT)

123,GSP81,81,ChildrensPhonSem,http%253A%252F%252Flocalhost%253A8888%252FphonSemExperigen%252Fweb%252Findex1.html,Continue,voguv,16,56,stimulusTest2.ejs,EIV,Sun+Oct+02+2016+15%3A46%3A53+GMT-0600+(MDT)

124,GSP81,81,ChildrensPhonSem,http%253A%252F%252Flocalhost%253A8888%252FphonSemExperigen%252Fweb%252Findex1.html,pufev,pufev,17,undefined,threeTrialsAgoTest.ejs,EIV,Sun+Oct+02+2016+15%3A46%3A56+GMT-0600+(MDT)

125,GSP81,81,ChildrensPhonSem,http%253A%252F%252Flocalhost%253A8888%252FphonSemExperigen%252Fweb%252Findex1.html,Continue,vebut,18,36,stimulusTest2.ejs,EIV,Sun+Oct+02+2016+15%3A46%3A57+GMT-0600+(MDT)

126,GSP81,81,ChildrensPhonSem,http%253A%252F%252Flocalhost%253A8888%252FphonSemExperigen%252Fweb%252Findex1.html,Continue,sapik,19,41,stimulusTest2.ejs,EIV,Sun+Oct+02+2016+15%3A46%3A57+GMT-0600+(MDT)

127,GSP81,81,ChildrensPhonSem,http%253A%252F%252Flocalhost%253A8888%252FphonSemExperigen%252Fweb%252Findex1.html,Continue,tikoz,20,52,stimulusTest2.ejs,EIV,Sun+Oct+02+2016+15%3A46%3A58+GMT-0600+(MDT)

128,GSP81,81,ChildrensPhonSem,http%253A%252F%252Flocalhost%253A8888%252FphonSemExperigen%252Fweb%252Findex1.html,Continue,vok,21,29,stimulusTest.ejs,EIV,Sun+Oct+02+2016+15%3A46%3A59+GMT-0600+(MDT)

129,GSP81,81,ChildrensPhonSem,http%253A%252F%252Flocalhost%253A8888%252FphonSemExperigen%252Fweb%252Findex1.html,Continue,fosip,22,48,stimulusTest2.ejs,EIV,Sun+Oct+02+2016+15%3A47%3A00+GMT-0600+(MDT)

130,GSP81,81,ChildrensPhonSem,http%253A%252F%252Flocalhost%253A8888%252FphonSemExperigen%252Fweb%252Findex1.html,Continue,besh,23,1,stimulusTest.ejs,EIV,Sun+Oct+02+2016+15%3A47%3A01+GMT-0600+(MDT)

131,GSP81,81,ChildrensPhonSem,http%253A%252F%252Flocalhost%253A8888%252FphonSemExperigen%252Fweb%252Findex1.html,Continue,tusud,24,46,stimulusTest2.ejs,EIV,Sun+Oct+02+2016+15%3A47%3A02+GMT-0600+(MDT)

132,GSP81,81,ChildrensPhonSem,http%253A%252F%252Flocalhost%253A8888%252FphonSemExperigen%252Fweb%252Findex1.html,Continue,fut,25,24,stimulusTest.ejs,EIV,Sun+Oct+02+2016+15%3A47%3A03+GMT-0600+(MDT)

133,GSP81,81,ChildrensPhonSem,http%253A%252F%252Flocalhost%253A8888%252FphonSemExperigen%252Fweb%252Findex1.html,Continue,kozab,26,47,stimulusTest2.ejs,EIV,Sun+Oct+02+2016+15%3A47%3A04+GMT-0600+(MDT)

134,GSP81,81,ChildrensPhonSem,http%253A%252F%252Flocalhost%253A8888%252FphonSemExperigen%252Fweb%252Findex1.html,Continue,shik,27,18,stimulusTest.ejs,EIV,Sun+Oct+02+2016+15%3A47%3A04+GMT-0600+(MDT)

135,GSP81,81,ChildrensPhonSem,http%253A%252F%252Flocalhost%253A8888%252FphonSemExperigen%252Fweb%252Findex1.html,Continue,zoshib,28,62,stimulusTest2.ejs,EIV,Sun+Oct+02+2016+15%3A47%3A05+GMT-0600+(MDT)

136,GSP81,81,ChildrensPhonSem,http%253A%252F%252Flocalhost%253A8888%252FphonSemExperigen%252Fweb%252Findex1.html,Continue,gov,29,15,stimulusTest.ejs,EIV,Sun+Oct+02+2016+15%3A47%3A06+GMT-0600+(MDT)

137,GSP81,81,ChildrensPhonSem,http%253A%252F%252Flocalhost%253A8888%252FphonSemExperigen%252Fweb%252Findex1.html,shik,pekiv,30,undefined,threeTrialsAgoTest.ejs,EIV,Sun+Oct+02+2016+15%3A47%3A07+GMT-0600+(MDT)

138,GSP81,81,ChildrensPhonSem,http%253A%252F%252Flocalhost%253A8888%252FphonSemExperigen%252Fweb%252Findex1.html,Continue,das,31,10,stimulusTest.ejs,EIV,Sun+Oct+02+2016+15%3A47%3A07+GMT-0600+(MDT)

139,GSP81,81,ChildrensPhonSem,http%253A%252F%252Flocalhost%253A8888%252FphonSemExperigen%252Fweb%252Findex1.html,Continue,pip,32,3,stimulusTest.ejs,EIV,Sun+Oct+02+2016+15%3A47%3A08+GMT-0600+(MDT)

140,GSP81,81,ChildrensPhonSem,http%253A%252F%252Flocalhost%253A8888%252FphonSemExperigen%252Fweb%252Findex1.html,Continue,pefid,33,64,stimulusTest2.ejs,EIV,Sun+Oct+02+2016+15%3A47%3A09+GMT-0600+(MDT)

141,GSP81,81,ChildrensPhonSem,http%253A%252F%252Flocalhost%253A8888%252FphonSemExperigen%252Fweb%252Findex1.html,Continue,kosh,34,8,stimulusTest.ejs,EIV,Sun+Oct+02+2016+15%3A47%3A10+GMT-0600+(MDT)

142,GSP81,81,ChildrensPhonSem,http%253A%252F%252Flocalhost%253A8888%252FphonSemExperigen%252Fweb%252Findex1.html,Continue,shekef,35,37,stimulusTest2.ejs,EIV,Sun+Oct+02+2016+15%3A47%3A11+GMT-0600+(MDT)

143,GSP81,81,ChildrensPhonSem,http%253A%252F%252Flocalhost%253A8888%252FphonSemExperigen%252Fweb%252Findex1.html,Continue,zashot,36,60,stimulusTest2.ejs,EIV,Sun+Oct+02+2016+15%3A47%3A11+GMT-0600+(MDT)

144,GSP81,81,ChildrensPhonSem,http%253A%252F%252Flocalhost%253A8888%252FphonSemExperigen%252Fweb%252Findex1.html,Continue,piz,37,21,stimulusTest.ejs,EIV,Sun+Oct+02+2016+15%3A47%3A12+GMT-0600+(MDT)

145,GSP81,81,ChildrensPhonSem,http%253A%252F%252Flocalhost%253A8888%252FphonSemExperigen%252Fweb%252Findex1.html,Continue,zitav,38,34,stimulusTest2.ejs,EIV,Sun+Oct+02+2016+15%3A47%3A13+GMT-0600+(MDT)

146,GSP81,81,ChildrensPhonSem,http%253A%252F%252Flocalhost%253A8888%252FphonSemExperigen%252Fweb%252Findex1.html,Continue,keb,39,16,stimulusTest.ejs,EIV,Sun+Oct+02+2016+15%3A47%3A13+GMT-0600+(MDT)

147,GSP81,81,ChildrensPhonSem,http%253A%252F%252Flocalhost%253A8888%252FphonSemExperigen%252Fweb%252Findex1.html,Continue,dez,40,5,stimulusTest.ejs,EIV,Sun+Oct+02+2016+15%3A47%3A14+GMT-0600+(MDT)

148,GSP81,81,ChildrensPhonSem,http%253A%252F%252Flocalhost%253A8888%252FphonSemExperigen%252Fweb%252Findex1.html,Continue,dak,41,26,stimulusTest.ejs,EIV,Sun+Oct+02+2016+15%3A47%3A15+GMT-0600+(MDT)

149,GSP81,81,ChildrensPhonSem,http%253A%252F%252Flocalhost%253A8888%252FphonSemExperigen%252Fweb%252Findex1.html,Continue,shes,42,28,stimulusTest.ejs,EIV,Sun+Oct+02+2016+15%3A47%3A16+GMT-0600+(MDT)

150,GSP81,81,ChildrensPhonSem,http%253A%252F%252Flocalhost%253A8888%252FphonSemExperigen%252Fweb%252Findex1.html,dez,kak,43,undefined,threeTrialsAgoTest.ejs,EIV,Sun+Oct+02+2016+15%3A47%3A17+GMT-0600+(MDT)

151,GSP81,81,ChildrensPhonSem,http%253A%252F%252Flocalhost%253A8888%252FphonSemExperigen%252Fweb%252Findex1.html,Continue,tesuf,44,50,stimulusTest2.ejs,EIV,Sun+Oct+02+2016+15%3A47%3A18+GMT-0600+(MDT)

152,GSP81,81,ChildrensPhonSem,http%253A%252F%252Flocalhost%253A8888%252FphonSemExperigen%252Fweb%252Findex1.html,Continue,fekob,45,61,stimulusTest2.ejs,EIV,Sun+Oct+02+2016+15%3A47%3A19+GMT-0600+(MDT)

153,GSP81,81,ChildrensPhonSem,http%253A%252F%252Flocalhost%253A8888%252FphonSemExperigen%252Fweb%252Findex1.html,Continue,sapif,46,38,stimulusTest2.ejs,EIV,Sun+Oct+02+2016+15%3A47%3A20+GMT-0600+(MDT)

154,DPG82,82,ChildrensPhonSem,http%253A%252F%252Flocalhost%253A8888%252FphonSemExperigen%252Fweb%252Findex1.html,Continue,kozab,1,87,stimulus.ejs,EIV,Sun+Oct+02+2016+15%3A48%3A52+GMT-0600+(MDT)

155,DPG82,82,ChildrensPhonSem,http%253A%252F%252Flocalhost%253A8888%252FphonSemExperigen%252Fweb%252Findex1.html,Continue,sapik,2,61,stimulus.ejs,EIV,Sun+Oct+02+2016+15%3A48%3A53+GMT-0600+(MDT)

156,DPG82,82,ChildrensPhonSem,http%253A%252F%252Flocalhost%253A8888%252FphonSemExperigen%252Fweb%252Findex1.html,Continue,shet,3,97,stimulus.ejs,EIV,Sun+Oct+02+2016+15%3A48%3A54+GMT-0600+(MDT)

157,DPG82,82,ChildrensPhonSem,http%253A%252F%252Flocalhost%253A8888%252FphonSemExperigen%252Fweb%252Findex1.html,Continue,biv,4,60,stimulusTest.ejs,EIV,Sun+Oct+02+2016+15%3A48%3A54+GMT-0600+(MDT)

158,DPG82,82,ChildrensPhonSem,http%253A%252F%252Flocalhost%253A8888%252FphonSemExperigen%252Fweb%252Findex1.html,Continue,fisod,5,6,stimulusTest2.ejs,EIV,Sun+Oct+02+2016+15%3A48%3A55+GMT-0600+(MDT)

159,DPG82,82,ChildrensPhonSem,http%253A%252F%252Flocalhost%253A8888%252FphonSemExperigen%252Fweb%252Findex1.html,Continue,sapik,6,28,stimulusTest2.ejs,EIV,Sun+Oct+02+2016+15%3A48%3A56+GMT-0600+(MDT)

160,DPG82,82,ChildrensPhonSem,http%253A%252F%252Flocalhost%253A8888%252FphonSemExperigen%252Fweb%252Findex1.html,Continue,sab,7,41,stimulusTest.ejs,EIV,Sun+Oct+02+2016+15%3A48%3A56+GMT-0600+(MDT)

161,DPG82,82,ChildrensPhonSem,http%253A%252F%252Flocalhost%253A8888%252FphonSemExperigen%252Fweb%252Findex1.html,Continue,shekef,8,18,stimulusTest2.ejs,EIV,Sun+Oct+02+2016+15%3A48%3A57+GMT-0600+(MDT)

162,DPG82,82,ChildrensPhonSem,http%253A%252F%252Flocalhost%253A8888%252FphonSemExperigen%252Fweb%252Findex1.html,Continue,bosov,9,17,stimulusTest2.ejs,EIV,Sun+Oct+02+2016+15%3A48%3A58+GMT-0600+(MDT)

163,DPG82,82,ChildrensPhonSem,http%253A%252F%252Flocalhost%253A8888%252FphonSemExperigen%252Fweb%252Findex1.html,Continue,shes,10,44,stimulusTest.ejs,EIV,Sun+Oct+02+2016+15%3A49%3A03+GMT-0600+(MDT)

164,DPG82,82,ChildrensPhonSem,http%253A%252F%252Flocalhost%253A8888%252FphonSemExperigen%252Fweb%252Findex1.html,Continue,zot,11,62,stimulusTest.ejs,EIV,Sun+Oct+02+2016+15%3A49%3A04+GMT-0600+(MDT)

165,DPG82,82,ChildrensPhonSem,http%253A%252F%252Flocalhost%253A8888%252FphonSemExperigen%252Fweb%252Findex1.html,Continue,dez,12,59,stimulusTest.ejs,EIV,Sun+Oct+02+2016+15%3A49%3A05+GMT-0600+(MDT)

166,DPG82,82,ChildrensPhonSem,http%253A%252F%252Flocalhost%253A8888%252FphonSemExperigen%252Fweb%252Findex1.html,Continue,shet,13,53,stimulusTest.ejs,EIV,Sun+Oct+02+2016+15%3A49%3A06+GMT-0600+(MDT)

167,DPG82,82,ChildrensPhonSem,http%253A%252F%252Flocalhost%253A8888%252FphonSemExperigen%252Fweb%252Findex1.html,Continue,bezosh,14,2,stimulusTest2.ejs,EIV,Sun+Oct+02+2016+15%3A49%3A07+GMT-0600+(MDT)

168,DPG82,82,ChildrensPhonSem,http%253A%252F%252Flocalhost%253A8888%252FphonSemExperigen%252Fweb%252Findex1.html,Continue,bepud,15,26,stimulusTest2.ejs,EIV,Sun+Oct+02+2016+15%3A49%3A08+GMT-0600+(MDT)

169,DPG82,82,ChildrensPhonSem,http%253A%252F%252Flocalhost%253A8888%252FphonSemExperigen%252Fweb%252Findex1.html,Continue,zashot,16,11,stimulusTest2.ejs,EIV,Sun+Oct+02+2016+15%3A49%3A09+GMT-0600+(MDT)

170,DPG82,82,ChildrensPhonSem,http%253A%252F%252Flocalhost%253A8888%252FphonSemExperigen%252Fweb%252Findex1.html,bezosh,zup,17,undefined,threeTrialsAgoTest.ejs,EIV,Sun+Oct+02+2016+15%3A49%3A09+GMT-0600+(MDT)

171,DPG82,82,ChildrensPhonSem,http%253A%252F%252Flocalhost%253A8888%252FphonSemExperigen%252Fweb%252Findex1.html,Continue,fudiz,18,7,stimulusTest2.ejs,EIV,Sun+Oct+02+2016+15%3A49%3A11+GMT-0600+(MDT)

172,DPG82,82,ChildrensPhonSem,http%253A%252F%252Flocalhost%253A8888%252FphonSemExperigen%252Fweb%252Findex1.html,Continue,pip,19,43,stimulusTest.ejs,EIV,Sun+Oct+02+2016+15%3A49%3A11+GMT-0600+(MDT)

173,DPG82,82,ChildrensPhonSem,http%253A%252F%252Flocalhost%253A8888%252FphonSemExperigen%252Fweb%252Findex1.html,Continue,disab,20,5,stimulusTest2.ejs,EIV,Sun+Oct+02+2016+15%3A49%3A12+GMT-0600+(MDT)

174,DPG82,82,ChildrensPhonSem,http%253A%252F%252Flocalhost%253A8888%252FphonSemExperigen%252Fweb%252Findex1.html,Continue,dazus,21,9,stimulusTest2.ejs,EIV,Sun+Oct+02+2016+15%3A49%3A13+GMT-0600+(MDT)

175,DPG82,82,ChildrensPhonSem,http%253A%252F%252Flocalhost%253A8888%252FphonSemExperigen%252Fweb%252Findex1.html,Continue,dezit,22,30,stimulusTest2.ejs,EIV,Sun+Oct+02+2016+15%3A49%3A13+GMT-0600+(MDT)

176,DPG82,82,ChildrensPhonSem,http%253A%252F%252Flocalhost%253A8888%252FphonSemExperigen%252Fweb%252Findex1.html,Continue,bok,23,56,stimulusTest.ejs,EIV,Sun+Oct+02+2016+15%3A49%3A14+GMT-0600+(MDT)

177,DPG82,82,ChildrensPhonSem,http%253A%252F%252Flocalhost%253A8888%252FphonSemExperigen%252Fweb%252Findex1.html,Continue,soshuk,24,4,stimulusTest2.ejs,EIV,Sun+Oct+02+2016+15%3A49%3A15+GMT-0600+(MDT)

178,DPG82,82,ChildrensPhonSem,http%253A%252F%252Flocalhost%253A8888%252FphonSemExperigen%252Fweb%252Findex1.html,Continue,gov,25,36,stimulusTest.ejs,EIV,Sun+Oct+02+2016+15%3A49%3A16+GMT-0600+(MDT)

179,DPG82,82,ChildrensPhonSem,http%253A%252F%252Flocalhost%253A8888%252FphonSemExperigen%252Fweb%252Findex1.html,Continue,tikub,26,13,stimulusTest2.ejs,EIV,Sun+Oct+02+2016+15%3A49%3A17+GMT-0600+(MDT)

180,DPG82,82,ChildrensPhonSem,http%253A%252F%252Flocalhost%253A8888%252FphonSemExperigen%252Fweb%252Findex1.html,Continue,zitav,27,20,stimulusTest2.ejs,EIV,Sun+Oct+02+2016+15%3A49%3A18+GMT-0600+(MDT)

181,DPG82,82,ChildrensPhonSem,http%253A%252F%252Flocalhost%253A8888%252FphonSemExperigen%252Fweb%252Findex1.html,Continue,tikoz,28,25,stimulusTest2.ejs,EIV,Sun+Oct+02+2016+15%3A49%3A18+GMT-0600+(MDT)

182,DPG82,82,ChildrensPhonSem,http%253A%252F%252Flocalhost%253A8888%252FphonSemExperigen%252Fweb%252Findex1.html,Continue,kosh,29,63,stimulusTest.ejs,EIV,Sun+Oct+02+2016+15%3A49%3A18+GMT-0600+(MDT)

183,DPG82,82,ChildrensPhonSem,http%253A%252F%252Flocalhost%253A8888%252FphonSemExperigen%252Fweb%252Findex1.html,zitav,shekef,30,undefined,threeTrialsAgoTest.ejs,EIV,Sun+Oct+02+2016+15%3A49%3A19+GMT-0600+(MDT)

184,DPG82,82,ChildrensPhonSem,http%253A%252F%252Flocalhost%253A8888%252FphonSemExperigen%252Fweb%252Findex1.html,Continue,tusud,31,10,stimulusTest2.ejs,EIV,Sun+Oct+02+2016+15%3A49%3A20+GMT-0600+(MDT)

185,DPG82,82,ChildrensPhonSem,http%253A%252F%252Flocalhost%253A8888%252FphonSemExperigen%252Fweb%252Findex1.html,Continue,kak,32,47,stimulusTest.ejs,EIV,Sun+Oct+02+2016+15%3A49%3A21+GMT-0600+(MDT)

186,DPG82,82,ChildrensPhonSem,http%253A%252F%252Flocalhost%253A8888%252FphonSemExperigen%252Fweb%252Findex1.html,Continue,zab,33,57,stimulusTest.ejs,EIV,Sun+Oct+02+2016+15%3A49%3A22+GMT-0600+(MDT)

187,DPG82,82,ChildrensPhonSem,http%253A%252F%252Flocalhost%253A8888%252FphonSemExperigen%252Fweb%252Findex1.html,Continue,tesh,34,64,stimulusTest.ejs,EIV,Sun+Oct+02+2016+15%3A49%3A22+GMT-0600+(MDT)

188,DPG82,82,ChildrensPhonSem,http%253A%252F%252Flocalhost%253A8888%252FphonSemExperigen%252Fweb%252Findex1.html,Continue,zek,35,45,stimulusTest.ejs,EIV,Sun+Oct+02+2016+15%3A49%3A23+GMT-0600+(MDT)

189,DPG82,82,ChildrensPhonSem,http%253A%252F%252Flocalhost%253A8888%252FphonSemExperigen%252Fweb%252Findex1.html,Continue,zup,36,38,stimulusTest.ejs,EIV,Sun+Oct+02+2016+15%3A49%3A23+GMT-0600+(MDT)

190,DPG82,82,ChildrensPhonSem,http%253A%252F%252Flocalhost%253A8888%252FphonSemExperigen%252Fweb%252Findex1.html,Continue,sod,37,50,stimulusTest.ejs,EIV,Sun+Oct+02+2016+15%3A49%3A24+GMT-0600+(MDT)

191,DPG82,82,ChildrensPhonSem,http%253A%252F%252Flocalhost%253A8888%252FphonSemExperigen%252Fweb%252Findex1.html,Continue,vesh,38,49,stimulusTest.ejs,EIV,Sun+Oct+02+2016+15%3A49%3A24+GMT-0600+(MDT)

192,DPG82,82,ChildrensPhonSem,http%253A%252F%252Flocalhost%253A8888%252FphonSemExperigen%252Fweb%252Findex1.html,Continue,besh,39,52,stimulusTest.ejs,EIV,Sun+Oct+02+2016+15%3A49%3A26+GMT-0600+(MDT)

193,DPG82,82,ChildrensPhonSem,http%253A%252F%252Flocalhost%253A8888%252FphonSemExperigen%252Fweb%252Findex1.html,Continue,fekob,40,15,stimulusTest2.ejs,EIV,Sun+Oct+02+2016+15%3A49%3A27+GMT-0600+(MDT)

194,DPG82,82,ChildrensPhonSem,http%253A%252F%252Flocalhost%253A8888%252FphonSemExperigen%252Fweb%252Findex1.html,Continue,dezosh,41,23,stimulusTest2.ejs,EIV,Sun+Oct+02+2016+15%3A49%3A28+GMT-0600+(MDT)

195,DPG82,82,ChildrensPhonSem,http%253A%252F%252Flocalhost%253A8888%252FphonSemExperigen%252Fweb%252Findex1.html,Continue,kiv,42,46,stimulusTest.ejs,EIV,Sun+Oct+02+2016+15%3A49%3A29+GMT-0600+(MDT)

196,DPG82,82,ChildrensPhonSem,http%253A%252F%252Flocalhost%253A8888%252FphonSemExperigen%252Fweb%252Findex1.html,kosh,kosh,43,undefined,threeTrialsAgoTest.ejs,EIV,Sun+Oct+02+2016+15%3A49%3A30+GMT-0600+(MDT)

197,DPG82,82,ChildrensPhonSem,http%253A%252F%252Flocalhost%253A8888%252FphonSemExperigen%252Fweb%252Findex1.html,Continue,kufis,44,32,stimulusTest2.ejs,EIV,Sun+Oct+02+2016+15%3A49%3A31+GMT-0600+(MDT)

198,DPG82,82,ChildrensPhonSem,http%253A%252F%252Flocalhost%253A8888%252FphonSemExperigen%252Fweb%252Findex1.html,Continue,voguv,45,14,stimulusTest2.ejs,EIV,Sun+Oct+02+2016+15%3A49%3A31+GMT-0600+(MDT)

199,DPG82,82,ChildrensPhonSem,http%253A%252F%252Flocalhost%253A8888%252FphonSemExperigen%252Fweb%252Findex1.html,Continue,kos,46,33,stimulusTest.ejs,EIV,Sun+Oct+02+2016+15%3A49%3A32+GMT-0600+(MDT)

200,DPG82,82,ChildrensPhonSem,http%253A%252F%252Flocalhost%253A8888%252FphonSemExperigen%252Fweb%252Findex1.html,rodak,Continue,dak,48,12,mytest.ejs,EIV,Sun+Oct+02+2016+15%3A49%3A39+GMT-0600+(MDT)

201,DPG82,82,ChildrensPhonSem,http%253A%252F%252Flocalhost%253A8888%252FphonSemExperigen%252Fweb%252Findex1.html,zebuzek,Continue,zebuz,49,54,mytest.ejs,EIV,Sun+Oct+02+2016+15%3A49%3A41+GMT-0600+(MDT)

202,DPG82,82,ChildrensPhonSem,http%253A%252F%252Flocalhost%253A8888%252FphonSemExperigen%252Fweb%252Findex1.html,roshatoz,Continue,shatoz,50,16,mytest.ejs,EIV,Sun+Oct+02+2016+15%3A49%3A43+GMT-0600+(MDT)

203,DPG82,82,ChildrensPhonSem,http%253A%252F%252Flocalhost%253A8888%252FphonSemExperigen%252Fweb%252Findex1.html,kebek,Continue,keb,51,19,mytest.ejs,EIV,Sun+Oct+02+2016+15%3A49%3A45+GMT-0600+(MDT)

204,DPG82,82,ChildrensPhonSem,http%253A%252F%252Flocalhost%253A8888%252FphonSemExperigen%252Fweb%252Findex1.html,rofis,Continue,fis,52,29,mytest.ejs,EIV,Sun+Oct+02+2016+15%3A49%3A47+GMT-0600+(MDT)

205,DPG82,82,ChildrensPhonSem,http%253A%252F%252Flocalhost%253A8888%252FphonSemExperigen%252Fweb%252Findex1.html,shikek,Continue,shik,53,37,mytest.ejs,EIV,Sun+Oct+02+2016+15%3A49%3A49+GMT-0600+(MDT)

206,DPG82,82,ChildrensPhonSem,http%253A%252F%252Flocalhost%253A8888%252FphonSemExperigen%252Fweb%252Findex1.html,rofikash,Continue,fikash,54,22,mytest.ejs,EIV,Sun+Oct+02+2016+15%3A49%3A51+GMT-0600+(MDT)

207,DPG82,82,ChildrensPhonSem,http%253A%252F%252Flocalhost%253A8888%252FphonSemExperigen%252Fweb%252Findex1.html,dufek,Continue,duf,55,61,mytest.ejs,EIV,Sun+Oct+02+2016+15%3A49%3A52+GMT-0600+(MDT)

208,DPG82,82,ChildrensPhonSem,http%253A%252F%252Flocalhost%253A8888%252FphonSemExperigen%252Fweb%252Findex1.html,sufek,Continue,suf,56,34,mytest.ejs,EIV,Sun+Oct+02+2016+15%3A49%3A54+GMT-0600+(MDT)

209,DPG82,82,ChildrensPhonSem,http%253A%252F%252Flocalhost%253A8888%252FphonSemExperigen%252Fweb%252Findex1.html,rosapif,Continue,sapif,57,31,mytest.ejs,EIV,Sun+Oct+02+2016+15%3A49%3A55+GMT-0600+(MDT)

210,DPG82,82,ChildrensPhonSem,http%253A%252F%252Flocalhost%253A8888%252FphonSemExperigen%252Fweb%252Findex1.html,fosipek,Continue,fosip,58,27,mytest.ejs,EIV,Sun+Oct+02+2016+15%3A49%3A57+GMT-0600+(MDT)

211,DPG82,82,ChildrensPhonSem,http%253A%252F%252Flocalhost%253A8888%252FphonSemExperigen%252Fweb%252Findex1.html,rotesuf,Continue,tesuf,59,35,mytest.ejs,EIV,Sun+Oct+02+2016+15%3A49%3A59+GMT-0600+(MDT)

212,DPG82,82,ChildrensPhonSem,http%253A%252F%252Flocalhost%253A8888%252FphonSemExperigen%252Fweb%252Findex1.html,shobitek,Continue,shobit,60,58,mytest.ejs,EIV,Sun+Oct+02+2016+15%3A50%3A00+GMT-0600+(MDT)

213,DPG82,82,ChildrensPhonSem,http%253A%252F%252Flocalhost%253A8888%252FphonSemExperigen%252Fweb%252Findex1.html,vebutek,Continue,vebut,61,24,mytest.ejs,EIV,Sun+Oct+02+2016+15%3A50%3A01+GMT-0600+(MDT)

214,DPG82,82,ChildrensPhonSem,http%253A%252F%252Flocalhost%253A8888%252FphonSemExperigen%252Fweb%252Findex1.html,roshap,Continue,shap,62,42,mytest.ejs,EIV,Sun+Oct+02+2016+15%3A50%3A03+GMT-0600+(MDT)

215,DPG82,82,ChildrensPhonSem,http%253A%252F%252Flocalhost%253A8888%252FphonSemExperigen%252Fweb%252Findex1.html,guzek,Continue,guz,63,40,mytest.ejs,EIV,Sun+Oct+02+2016+15%3A50%3A04+GMT-0600+(MDT)

216,DPG82,82,ChildrensPhonSem,http%253A%252F%252Flocalhost%253A8888%252FphonSemExperigen%252Fweb%252Findex1.html,robuf,Continue,buf,64,1,mytest.ejs,EIV,Sun+Oct+02+2016+15%3A50%3A06+GMT-0600+(MDT)

217,DPG82,82,ChildrensPhonSem,http%253A%252F%252Flocalhost%253A8888%252FphonSemExperigen%252Fweb%252Findex1.html,pefidek,Continue,pefid,65,48,mytest.ejs,EIV,Sun+Oct+02+2016+15%3A50%3A08+GMT-0600+(MDT)

218,DPG82,82,ChildrensPhonSem,http%253A%252F%252Flocalhost%253A8888%252FphonSemExperigen%252Fweb%252Findex1.html,tobek,Continue,tob,66,21,mytest.ejs,EIV,Sun+Oct+02+2016+15%3A50%3A10+GMT-0600+(MDT)

219,DPG82,82,ChildrensPhonSem,http%253A%252F%252Flocalhost%253A8888%252FphonSemExperigen%252Fweb%252Findex1.html,pisokek,Continue,pisok,67,55,mytest.ejs,EIV,Sun+Oct+02+2016+15%3A50%3A11+GMT-0600+(MDT)

220,DPG82,82,ChildrensPhonSem,http%253A%252F%252Flocalhost%253A8888%252FphonSemExperigen%252Fweb%252Findex1.html,rodapus,Continue,dapus,68,39,mytest.ejs,EIV,Sun+Oct+02+2016+15%3A50%3A13+GMT-0600+(MDT)

221,DPG82,82,ChildrensPhonSem,http%253A%252F%252Flocalhost%253A8888%252FphonSemExperigen%252Fweb%252Findex1.html,tutek,Continue,tut,69,51,mytest.ejs,EIV,Sun+Oct+02+2016+15%3A50%3A15+GMT-0600+(MDT)

222,DPG82,82,ChildrensPhonSem,http%253A%252F%252Flocalhost%253A8888%252FphonSemExperigen%252Fweb%252Findex1.html,rokozab,Continue,kozab,70,3,mytest.ejs,EIV,Sun+Oct+02+2016+15%3A50%3A17+GMT-0600+(MDT)

223,DPG82,82,ChildrensPhonSem,http%253A%252F%252Flocalhost%253A8888%252FphonSemExperigen%252Fweb%252Findex1.html,sofek,Continue,sof,71,8,mytest.ejs,EIV,Sun+Oct+02+2016+15%3A50%3A18+GMT-0600+(MDT)

224,DPG82,82,ChildrensPhonSem,http%253A%252F%252Flocalhost%253A8888%252FphonSemExperigen%252Fweb%252Findex1.html,demographics.csv,none,none,none,,,none,,EIV,Sun+Oct+02+2016+15%3A50%3A21+GMT-0600+(MDT)
